INSERT INTO tb_categories (name, is_active) VALUES
('Eletrônicos', TRUE),
('Vestuário', TRUE),
('Móveis', TRUE),
('Informática', TRUE),
('Alimentos', TRUE),
('Livros', TRUE),
('Eletrodomésticos', TRUE),
('Beleza', TRUE),
('Esportes', TRUE),
('Brinquedos', TRUE);

INSERT INTO tb_addresses (cep, city, state, street, number, complement) VALUES
('12345678', 'São Paulo', 'SP', 'Rua dos Exemplos', '123', 'Apartamento 101'),
('98765432', 'Rio de Janeiro', 'RJ', 'Avenida Principal', '456', 'Casa'),
('00000000', 'Brasília', 'DF', 'Rua sem nome', '1', 'Centro'),
('54321987', 'Curitiba', 'PR', 'Rua das Flores', '789', 'Fundo de quintal'),
('21098765', 'Salvador', 'BA', 'Praça da Alegria', '321', 'Comércio'),
('11223344', 'Belo Horizonte', 'MG', 'Avenida dos Andradas', '1500', 'Sala 202'),
('55667788', 'Porto Alegre', 'RS', 'Rua da Praia', '200', 'Cobertura'),
('99887766', 'Florianópolis', 'SC', 'Avenida Beira Mar', '100', 'Apartamento 901'),
('33445566', 'Fortaleza', 'CE', 'Rua das Dunas', '300', 'Casa A'),
('77889900', 'Manaus', 'AM', 'Estrada do Turismo', '4500', 'Chalé 10'),
('11122334', 'São Bernardo do Campo', 'SP', 'Rua dos Príncipes', '120', 'Casa 2'),
('22233445', 'Natal', 'RN', 'Avenida do Sol', '303', 'Bloco C'),
('33344556', 'Campinas', 'SP', 'Rua das Palmeiras', '410', 'Casa B'),
('44455667', 'Goiânia', 'GO', 'Avenida Goiás', '530', 'Apartamento 501');


INSERT INTO tb_users (cpf, first_name, last_name, email, password, role, address_id) VALUES
('63235354085', 'John', 'Doe', 'johndoe@example.com', '$2a$12$fHZNyhLWJAWsBQ5A4qmabOXlsq.qAj68b/7k9Cc/imPNDu2JLSo8u', 'CLIENT',1),
('25916279086', 'Jane', 'Smith', 'janesmith@example.com', '$2a$12$QCH8s1mb6MfGFw0MLKnnHuQ36Gj39x9lUtTxvIpV8WQI6/mo8/BTa', 'ADMIN',2),
('56536730054', 'Michael', 'Jordan', 'mjordan23@gmail.com', '$2a$12$pzcAajDhUpBTGtXBYc9dquEjgMAEAlaE2P22szhS.budoJeMLbjoW', 'CLIENT',3),
('79816657015', 'Alice', 'Wonderland', 'aliceinwonderland@fairytales.com', '$2a$12$6n2xDpMTyQvxRszlIsEN2.90JU7OBgC47w6aLo.kpIhugRKMh7tS2', 'CLIENT',4),
('78945612301', 'Carlos', 'Silva', 'carlos.silva@example.com', '$2a$12$FgGlKyyqKJQFhj50riIoC.UO0kvuWBgOvtP2b7SbSFCNFSIROPgti', 'CLIENT', 5),
('14725836902', 'Mariana', 'Oliveira', 'mariana.oliveira@example.com', '$2a$12$kwahB0x4rBL042JfSbdGJu.uUynJ4WlzzssXMsWlXr7f3Tw5aRivC', 'CLIENT', 6),
('32165498703', 'Roberto', 'Costa', 'roberto.costa@example.com', '$2a$12$sapnV5rct9.KUALepSGbaOtLYT.hXb8nuYhLrNl3asp4vl2wuq2b.', 'CLIENT', 7),
('96385274104', 'Ana', 'Fernandes', 'ana.fernandes@example.com', '$2a$12$4yGl9Y.Z6qKCeq7sba2y2etxuR0TGXWsiJULz2qcCYzdrzBg7iPiy', 'CLIENT', 8),
('11122233344', 'Lucas', 'Pereira', 'lucas.pereira@example.com', '$2a$12$Cx16yTuxSRYEmBabkR0fx.TCzvwfmhjjyFUqBAES20h3Ukzr5aRt2', 'CLIENT', 9),
('22233344455', 'Fernanda', 'Lima', 'fernanda.lima@example.com', '$2a$12$Hd8Mc.I3oa/UMJxEmGR/WOdMX7Jpp8XjT2X4.9uOdu.H3ZTFxQ2Re', 'CLIENT', 10),
('33344455566', 'Roberta', 'Almeida', 'roberta.almeida@example.com', '$2a$12$0hfAaEU9.ctkcCZS7nqYW.Rj79KLm8l0uOx8QhGF7ePvLljhzwDZC', 'CLIENT', 11),
('44455566677', 'Eduardo', 'Martins', 'eduardo.martins@example.com', '$2a$12$0TbKDfp2XwF55MIUqY.laeqdHUCH.ejNPMUb8IuNj6xWviQ2Zk1.2', 'CLIENT', 12);
-- password: 123456

INSERT INTO tb_products (name, quantity_in_stock, price, category_id, is_active) VALUES
('Smartphone Galaxy Z Flip 4', 10, 5999.99, (SELECT id FROM tb_categories WHERE name = 'Eletrônicos'), TRUE),
('Camisa Polo Ralph Lauren', 20, 199.90, (SELECT id FROM tb_categories WHERE name = 'Vestuário'), TRUE),
('Sofá Retrátil', 5, 2999.99, (SELECT id FROM tb_categories WHERE name = 'Móveis'), TRUE),
('Notebook Dell Inspiron', 15, 4599.90, (SELECT id FROM tb_categories WHERE name = 'Informática'), TRUE),
('Arroz Basmati 5kg', 30, 39.90, (SELECT id FROM tb_categories WHERE name = 'Alimentos'), TRUE),
('Geladeira Electrolux', 8, 2999.99, (SELECT id FROM tb_categories WHERE name = 'Eletrodomésticos'), TRUE),
('Creme Hidratante Nivea', 50, 29.90, (SELECT id FROM tb_categories WHERE name = 'Beleza'), TRUE),
('Bicicleta Caloi Mountain Bike', 12, 1599.90, (SELECT id FROM tb_categories WHERE name = 'Esportes'), TRUE),
('Boneca Barbie Dreamhouse', 30, 249.99, (SELECT id FROM tb_categories WHERE name = 'Brinquedos'), TRUE),
('Livro - O Morro dos Ventos Uivantes', 40, 49.90, (SELECT id FROM tb_categories WHERE name = 'Livros'), TRUE),
('Fone de Ouvido JBL', 25, 349.90, (SELECT id FROM tb_categories WHERE name = 'Eletrônicos'), TRUE),
('Tênis Nike Air Max', 15, 499.90, (SELECT id FROM tb_categories WHERE name = 'Vestuário'), TRUE),
('Mesa de Jantar', 8, 899.90, (SELECT id FROM tb_categories WHERE name = 'Móveis'), TRUE),
('Impressora HP DeskJet', 12, 699.90, (SELECT id FROM tb_categories WHERE name = 'Informática'), TRUE),
('Café em Grão 1kg', 50, 24.90, (SELECT id FROM tb_categories WHERE name = 'Alimentos'), TRUE),
('Micro-ondas Brastemp', 10, 599.90, (SELECT id FROM tb_categories WHERE name = 'Eletrodomésticos'), TRUE),
('Shampoo Dove', 40, 19.90, (SELECT id FROM tb_categories WHERE name = 'Beleza'), TRUE),
('Patins Roller', 20, 289.90, (SELECT id FROM tb_categories WHERE name = 'Esportes'), TRUE),
('Carrinho Hot Wheels', 25, 89.90, (SELECT id FROM tb_categories WHERE name = 'Brinquedos'), TRUE),
('Livro - A Culpa é das Estrelas', 35, 39.90, (SELECT id FROM tb_categories WHERE name = 'Livros'), TRUE),
('Teclado Mecânico', 18, 399.90, (SELECT id FROM tb_categories WHERE name = 'Informática'), TRUE),
('Cadeira Ergonômica', 7, 799.90, (SELECT id FROM tb_categories WHERE name = 'Móveis'), TRUE),
('Smartwatch Samsung', 13, 1599.90, (SELECT id FROM tb_categories WHERE name = 'Eletrônicos'), TRUE),
('Bolsa Michael Kors', 22, 899.90, (SELECT id FROM tb_categories WHERE name = 'Vestuário'), TRUE),
('Aspirador de Pó Electrolux', 9, 499.90, (SELECT id FROM tb_categories WHERE name = 'Eletrodomésticos'), TRUE),
('Secador de Cabelos Philco', 30, 199.90, (SELECT id FROM tb_categories WHERE name = 'Beleza'), TRUE),
('Relógio de Pulso Casio', 17, 249.90, (SELECT id FROM tb_categories WHERE name = 'Eletrônicos'), TRUE),
('Cadeira de Escritório', 11, 599.90, (SELECT id FROM tb_categories WHERE name = 'Móveis'), TRUE),
('Camiseta Vans', 50, 139.90, (SELECT id FROM tb_categories WHERE name = 'Vestuário'), TRUE),
('Estante para Livros', 6, 699.90, (SELECT id FROM tb_categories WHERE name = 'Móveis'), TRUE),
('Bolsa de Esportes Adidas', 14, 299.90, (SELECT id FROM tb_categories WHERE name = 'Esportes'), TRUE),
('Cadeira de Gaming', 5, 1199.90, (SELECT id FROM tb_categories WHERE name = 'Móveis'), TRUE),
('Cesta de Café da Manhã', 20, 89.90, (SELECT id FROM tb_categories WHERE name = 'Alimentos'), TRUE);

INSERT INTO tb_sales (date_sale, user_cpf, status) VALUES
('2023-11-20', '63235354085', 'PROCESSING'),
('2023-11-21', '25916279086', 'PROCESSING'),
('2023-12-01', '63235354085', 'PROCESSING'),
('2023-12-05', '25916279086', 'PROCESSING'),
('2023-12-10', '79816657015', 'PROCESSING'),
('2023-12-15', '56536730054', 'PROCESSING'),
('2024-01-05', '78945612301', 'PROCESSING'),
('2024-01-07', '14725836902', 'PROCESSING'),
('2024-01-10', '32165498703', 'PROCESSING'),
('2024-01-12', '96385274104', 'PROCESSING'),
('2024-01-15', '78945612301', 'PROCESSING'),
('2024-01-01', '11122233344', 'PROCESSING'),
('2024-01-02', '22233344455', 'PROCESSING'),
('2024-01-03', '33344455566', 'CANCELED'),
('2024-01-04', '44455566677', 'PROCESSING'),
('2024-01-05', '11122233344', 'PROCESSING'),
('2024-01-06', '22233344455', 'PROCESSING'),
('2024-01-07', '33344455566', 'PROCESSING'),
('2024-01-08', '44455566677', 'PROCESSING'),
('2024-01-09', '11122233344', 'PROCESSING'),
('2024-01-10', '22233344455', 'PROCESSING'),
('2024-01-11', '33344455566', 'PROCESSING'),
('2024-01-12', '44455566677', 'PROCESSING'),
('2024-01-13', '11122233344', 'PROCESSING'),
('2024-01-14', '22233344455', 'PROCESSING'),
('2024-01-15', '33344455566', 'PROCESSING'),
('2024-01-16', '44455566677', 'PROCESSING'),
('2024-01-17', '11122233344', 'PROCESSING'),
('2024-01-18', '22233344455', 'PROCESSING'),
('2024-01-19', '33344455566', 'PROCESSING'),
('2024-01-20', '44455566677', 'PROCESSING'),
('2024-01-21', '11122233344', 'CANCELED'),
('2024-01-22', '22233344455', 'PROCESSING'),
('2024-01-23', '33344455566', 'PROCESSING'),
('2024-01-24', '44455566677', 'PROCESSING'),
('2024-01-25', '11122233344', 'PROCESSING'),
('2024-01-26', '22233344455', 'PROCESSING'),
('2024-01-27', '33344455566', 'PROCESSING'),
('2024-01-28', '44455566677', 'CANCELED'),
('2024-01-29', '11122233344', 'PROCESSING'),
('2024-01-30', '22233344455', 'PROCESSING'),
('2024-01-31', '33344455566', 'PROCESSING'),
('2024-02-01', '44455566677', 'PROCESSING'),
('2024-02-02', '11122233344', 'PROCESSING'),
('2024-02-03', '22233344455', 'PROCESSING'),
('2024-02-04', '33344455566', 'PROCESSING');

INSERT INTO tb_item_sales (sale_id, product_id, quantity, price) VALUES
(1, (SELECT id FROM tb_products WHERE name = 'Fone de Ouvido JBL'), 1, 349.90),
(1, (SELECT id FROM tb_products WHERE name = 'Café em Grão 1kg'), 2, 24.90),
(2, (SELECT id FROM tb_products WHERE name = 'Tênis Nike Air Max'), 1, 499.90),
(2, (SELECT id FROM tb_products WHERE name = 'Shampoo Dove'), 3, 19.90),
(3, (SELECT id FROM tb_products WHERE name = 'Mesa de Jantar'), 1, 899.90),
(3, (SELECT id FROM tb_products WHERE name = 'Relógio de Pulso Casio'), 1, 249.90),
(4, (SELECT id FROM tb_products WHERE name = 'Impressora HP DeskJet'), 1, 699.90),
(4, (SELECT id FROM tb_products WHERE name = 'Bolsa Michael Kors'), 1, 899.90),
(5, (SELECT id FROM tb_products WHERE name = 'Smartwatch Samsung'), 1, 1599.90),
(5, (SELECT id FROM tb_products WHERE name = 'Aspirador de Pó Electrolux'), 1, 499.90),
(6, (SELECT id FROM tb_products WHERE name = 'Smartwatch Samsung'), 1, 1599.90),
(6, (SELECT id FROM tb_products WHERE name = 'Fone de Ouvido JBL'), 1, 349.90),
(7, (SELECT id FROM tb_products WHERE name = 'Geladeira Electrolux'), 1, 2999.99),
(7, (SELECT id FROM tb_products WHERE name = 'Cadeira de Escritório'), 1, 599.90),
(8, (SELECT id FROM tb_products WHERE name = 'Patins Roller'), 1, 289.90),
(8, (SELECT id FROM tb_products WHERE name = 'Creme Hidratante Nivea'), 1, 29.90),
(9, (SELECT id FROM tb_products WHERE name = 'Carrinho Hot Wheels'), 2, 89.90),
(9, (SELECT id FROM tb_products WHERE name = 'Boneca Barbie Dreamhouse'), 1, 249.99),
(10, (SELECT id FROM tb_products WHERE name = 'Livro - A Culpa é das Estrelas'), 2, 39.90),
(10, (SELECT id FROM tb_products WHERE name = 'Camiseta Vans'), 1, 139.90),
(11, (SELECT id FROM tb_products WHERE name = 'Teclado Mecânico'), 1, 399.90),
(11, (SELECT id FROM tb_products WHERE name = 'Bolsa de Esportes Adidas'), 1, 299.90),
(12, (SELECT id FROM tb_products WHERE name = 'Cadeira de Gaming'), 1, 1199.90),
(12, (SELECT id FROM tb_products WHERE name = 'Estante para Livros'), 1, 699.90),
(13, (SELECT id FROM tb_products WHERE name = 'Camisa Polo Ralph Lauren'), 1, 199.90),
(13, (SELECT id FROM tb_products WHERE name = 'Livro - O Morro dos Ventos Uivantes'), 1, 49.90),
(14, (SELECT id FROM tb_products WHERE name = 'Smartphone Galaxy Z Flip 4'), 1, 5999.99),
(14, (SELECT id FROM tb_products WHERE name = 'Cadeira Ergonômica'), 1, 799.90),
(15, (SELECT id FROM tb_products WHERE name = 'Notebook Dell Inspiron'), 1, 4599.90),
(15, (SELECT id FROM tb_products WHERE name = 'Teclado Mecânico'), 1, 399.90),
(16, (SELECT id FROM tb_products WHERE name = 'Tênis Nike Air Max'), 1, 499.90),
(16, (SELECT id FROM tb_products WHERE name = 'Micro-ondas Brastemp'), 1, 599.90),
(17, (SELECT id FROM tb_products WHERE name = 'Fone de Ouvido JBL'), 2, 349.90),
(17, (SELECT id FROM tb_products WHERE name = 'Bolsa Michael Kors'), 1, 899.90),
(18, (SELECT id FROM tb_products WHERE name = 'Mesa de Jantar'), 1, 899.90),
(18, (SELECT id FROM tb_products WHERE name = 'Patins Roller'), 1, 289.90),
(19, (SELECT id FROM tb_products WHERE name = 'Smartwatch Samsung'), 1, 1599.90),
(19, (SELECT id FROM tb_products WHERE name = 'Cadeira de Gaming'), 1, 1199.90),
(20, (SELECT id FROM tb_products WHERE name = 'Camisa Polo Ralph Lauren'), 1, 199.90),
(20, (SELECT id FROM tb_products WHERE name = 'Estante para Livros'), 1, 699.90),
(21, (SELECT id FROM tb_products WHERE name = 'Notebook Dell Inspiron'), 1, 4599.90),
(21, (SELECT id FROM tb_products WHERE name = 'Micro-ondas Brastemp'), 1, 599.90),
(22, (SELECT id FROM tb_products WHERE name = 'Geladeira Electrolux'), 1, 2999.99),
(22, (SELECT id FROM tb_products WHERE name = 'Creme Hidratante Nivea'), 1, 29.90),
(23, (SELECT id FROM tb_products WHERE name = 'Fone de Ouvido JBL'), 1, 349.90),
(23, (SELECT id FROM tb_products WHERE name = 'Cadeira de Escritório'), 1, 599.90),
(24, (SELECT id FROM tb_products WHERE name = 'Camisa Polo Ralph Lauren'), 1, 199.90),
(24, (SELECT id FROM tb_products WHERE name = 'Relógio de Pulso Casio'), 1, 249.90),
(25, (SELECT id FROM tb_products WHERE name = 'Smartphone Galaxy Z Flip 4'), 1, 5999.99),
(25, (SELECT id FROM tb_products WHERE name = 'Camiseta Vans'), 1, 139.90),
(26, (SELECT id FROM tb_products WHERE name = 'Teclado Mecânico'), 1, 399.90),
(26, (SELECT id FROM tb_products WHERE name = 'Cadeira de Gaming'), 1, 1199.90),
(27, (SELECT id FROM tb_products WHERE name = 'Cadeira Ergonômica'), 1, 799.90),
(27, (SELECT id FROM tb_products WHERE name = 'Smartwatch Samsung'), 1, 1599.90),
(28, (SELECT id FROM tb_products WHERE name = 'Tênis Nike Air Max'), 1, 499.90),
(28, (SELECT id FROM tb_products WHERE name = 'Café em Grão 1kg'), 1, 24.90),
(29, (SELECT id FROM tb_products WHERE name = 'Fone de Ouvido JBL'), 1, 349.90),
(29, (SELECT id FROM tb_products WHERE name = 'Bolsa de Esportes Adidas'), 1, 299.90),
(30, (SELECT id FROM tb_products WHERE name = 'Livro - A Culpa é das Estrelas'), 2, 39.90),
(30, (SELECT id FROM tb_products WHERE name = 'Bolsa Michael Kors'), 1, 899.90),
(31, (SELECT id FROM tb_products WHERE name = 'Smartphone Galaxy Z Flip 4'), 1, 5999.99),
(31, (SELECT id FROM tb_products WHERE name = 'Camisa Polo Ralph Lauren'), 1, 199.90),
(32, (SELECT id FROM tb_products WHERE name = 'Sofá Retrátil'), 1, 2999.99),
(32, (SELECT id FROM tb_products WHERE name = 'Arroz Basmati 5kg'), 1, 39.90),
(32, (SELECT id FROM tb_products WHERE name = 'Notebook Dell Inspiron'), 1, 4599.90),
(33, (SELECT id FROM tb_products WHERE name = 'Geladeira Electrolux'), 1, 2999.99),
(34, (SELECT id FROM tb_products WHERE name = 'Creme Hidratante Nivea'), 2, 29.90),
(35, (SELECT id FROM tb_products WHERE name = 'Bicicleta Caloi Mountain Bike'), 1, 1599.90),
(36, (SELECT id FROM tb_products WHERE name = 'Boneca Barbie Dreamhouse'), 3, 249.99),
(37, (SELECT id FROM tb_products WHERE name = 'Livro - O Morro dos Ventos Uivantes'), 1, 49.90),
(38, (SELECT id FROM tb_products WHERE name = 'Fone de Ouvido JBL'), 1, 349.90),
(38, (SELECT id FROM tb_products WHERE name = 'Cadeira Ergonômica'), 1, 799.90),
(38, (SELECT id FROM tb_products WHERE name = 'Café em Grão 1kg'), 3, 24.90),
(39, (SELECT id FROM tb_products WHERE name = 'Micro-ondas Brastemp'), 1, 599.90),
(39, (SELECT id FROM tb_products WHERE name = 'Camisa Polo Ralph Lauren'), 2, 199.90),
(40, (SELECT id FROM tb_products WHERE name = 'Relógio de Pulso Casio'), 1, 249.90),
(40, (SELECT id FROM tb_products WHERE name = 'Smartwatch Samsung'), 1, 1599.90),
(40, (SELECT id FROM tb_products WHERE name = 'Cadeira de Gaming'), 1, 1199.90),
(40, (SELECT id FROM tb_products WHERE name = 'Tênis Nike Air Max'), 1, 499.90),
(40, (SELECT id FROM tb_products WHERE name = 'Creme Hidratante Nivea'), 3, 29.90);



